assemble0	2S186N113M304S6N		134S38M247S	GGTGTCCCAGCCAGGTTCAGTGGCAGTGGGTCTGGGACAGAGTTCACTCTCACCATCAGCAGCCTGCAGTCTGAAGATGTGGCAGTTTATTACTGTCAGCAATATTATAGTACNNNNNNNTGACGACACTCCGCTCACTTTCGGCGGAGGGACCAAGGTGGAGATCAAAC	GGGGTCCCTGACCGATTCAGTGGCAGCGGGTCTGGGACAGATTTCACTCTCACCATCAGCAGCCTGCAGGCTGAAGATGTGGCAGTTTATTACTGTCAGCAATATTATAGTACNNNNNNNTGACGACACTCCGCTCACTTTCGGCGGAGGGACCAAGGTGGAGATCAAAC	93	141
assemble4			73S3N45M246S	ACATTGACTTCTGGGGCCAGGGAACCCTGGTCACCGTCTCCTCAG	ACTTTGACTACTGGGGCCAGGGAACCCTGGTCACCGTCTCCTCAG	-1	13
assemble6	1S161N136M160S		139S3N12M146S23N	TAAGCGACCCTCAGGGGTTTCTGATCGCTTCTCTGGCTCCAAGTCTGGCAACACGGCCTCCCTGACCATCTCTGGGCTCCAGGCTGAGGACGAGGCTGATTATTACTGCTGCTCATATGCAGGTAGTACCACTTTCGCGGTATTTGGCGG	TAAGCGGCCCTCAGGGGTTTCTAATCGCTTCTCTGGCTCCAAGTCTGGCAACACGGCCTCCCTGACAATCTCTGGGCTCCAGGCTGAGGACGAGGCTGATTATTACTGCTGCTCATATGCAGGTAGTAGCACTTTCGCGGTATTCGGCGG	106	144
assemble9	8N62M82I121M165S17N			GTTGACGCAGTCTCCAGGCACCCTGTCTTTGTCTCCAGGGGAAAGAGCCACCCTNNNNNNNA----------------------------------------------------------------------------------TACATTCAACAGGGCCACTGGCATCCCAGACAGGTTCAGTGGCAGTGGGTCTGGGACAGACTTCACTCTCACCATCAGCAGACTGGAGCCTGAAGATTTTGCAACTTATTACTGTCAACAG	GTTGACGCAGTCTCCAGGCACCCTGTCTTTGTCTCCAGGGGAAAGAGCCACCCTCTCCTGCAGGGCCAGTCAGAGTGTTAGCAGCAGCTACTTAGCCTGGTACCAGCAGAAACCTGGCCAGGCTCCCAGGCTCCTCATCTATGGTGCATCCAGCAGGGCCACTGGCATCCCAGACAGGTTCAGTGGCAGTGGGTCTGGGACAGACTTCACTCTCACCATCAGCAGACTGGAGCCTGAAGATTTTGCAGTGTATTACTGTCAGCAG	256	-1
assemble11	257N28M202S5N			CTCGGCCGTGTATCTCTGTGCCAGCAGC	CTCGGCCGTGTATCTCTGTGCCAGCAGC	16	-1
assemble15	1S170N126M30S			CACAGTCTACGCGGACTCCGTGAAGGGCCGATTCACCATCTCCAGAGACAACGCCAAGAACACGCTGTATCTGCAAATGAACAGTCTGAGAGCCGAGGACACGGCTGTGTATTACTGTGCAAGAGA	CACAAGCTACGCGGACTCCGTGAAGGGCCGATTCACCATCTCCAGAGACAACGCCAAGAACACGCTGTATCTGCAAATGAACAGTCTGAGAGCCGAGGACACGGCTGTGTATTACTGTGCAAGAGA	115	-1
assemble28			16S4N34M204S	ACTTTCGGCCCTGGGACCAAAGTGGATATCAAAC	ACTTTCGGCCCTGGGACCAAAGTGGATATCAAAC	-1	5
assemble33	9N51M94I2M5I80M59S58N		160S32M6N	CTGACGCAGGCGCCCTCAGTGTCTGGGGCCCCAGGGCAGACGGNNNNNNNC----------------------------------------------------------------------------------------------GT-----CAATCGGCCCTCAGGGGTCCCTGACCGATTCTCTGGCTCCAAGTCTGGCACCTCAGCCTCCCTGGCCATCAGTGGGCTCCGGTCNNNNNNNATGGCAGCCTGAATGTTTATGTCTTCGGAACTGGGACCAAGGTCACCG	CTGACGCAGCCGCCCTCAGTGTCTGGGGCCCCAGGGCAGAGGGTCACCATCTCCTGCACTGGGAGCAGCTCCAACATCGGGGCAGGTTATGATGTACACTGGTACCAGCAGCTTCCAGGAACAGCCCCCAAACTCCTCATCTATGGTAACAGCAATCGGCCCTCAGGGGTCCCTGACCGATTCTCTGGCTCCAAGTCTGGCACCTCAGCCTCCCTGGCCATCACTGGGCTCCGGTCNNNNNNNATGGCAGCCTGAATGTTTATGTCTTCGGAACTGGGACCAAGGTCACCG	245	268
assemble34			12S38M247S	TTGGGTGTTCGGCGGAGGGACCAAGCTGACCGTCCTAG	TTGGGTGTTCGGCGGAGGGACCAAGCTGACCGTCCTAG	-1	9
assemble38	208N47M7I24M104S	74S1N10M91S1N	86S3N34M55S11N	CTGACTTGCACTCTGAACTAAACCTGAGCTCTCTGGAGCTGGGGGAC-------TNNNNNNNTGTGCCAGCAGCGTAGACCGGACAGGAGGGGACTATGGCTACACCTTCGGTTCGGGGACCAGGTT	CTGACTTGCACTCTGAACTAAACCTGAGCTCTCTGGAGCTGGGGGACTCAGCTTTGTATTTCTGTGCCAGCAGCGTAGACCGGACAGGGGGGGACTATGGCTACACCTTCGGTTCGGGGACCAGGTT	62	109
assemble46	261N12M91S14N		26S3N22M55S13N	TGTCAACAGGCTTACAGTCCCCCTGAGACGTTCGGCCAAGGGACCAAG	TGTCAACAGGCTTACAGTCCCCCTGAGACGTTCGGCCAAGGGACCAAG	0	32
assemble49	229N59M165S2N		64S6N20M140S12N	GCAGACTGGAGCCTGAAGATTTTGCAGTGTATTACTGTCAGCAGTATGGTACCTCACCTGAAATGTTCGGCCAAGGGACCAAGG	GCAGACTGGAGCCTGAAGATTTTGCAGTGTATTACTGTCAGCAGTATGGTAGCTCACCTGAAATGTTCGGCCAAGGGACCAAGG	35	67
assemble51	125N67M42I42M18S			GGGTCCAGAGTACGTGATTCATGGTCTTACAAGCAATGTGAACAACAGAATGGCCTCTCTGGCAATC------------------------------------------NNNNNNNGAGATGCTGCTGTGTACTACTGCATCCTGAGAGAC	GGGTCCAGAGTACGTGATTCATGGTCTTACAAGCAATGTGAACAACAGAATGGCCTCTCTGGCAATCGCTGAAGACAGAAAGTCCAGTACCTTGATCCTGCACCGTGCTACCTTGAGAGATGCTGCTGTGTACTACTGCATCCTGAGAGAC	136	-1
assemble59	242N42M162S3N		42S11M5D27M119S	AGATGTTGCAACTTATTACTGTCAAAAGTATGACGATGCCCCGCTCACTTTCGGCGGAGNNNNNNNACCAAGGTGGAGATCAAAC	AGATGTTGCAACTTATTACGGTCAACGGACTTACAATGCCCCGCTCACTTTCG-----GCGGAGGGACCAAGGTGGAGATCAAAC	19	51
assemble61	24S102N32M79I3M13I41M14S17N			TGGTATCAGCAGAAACCAGGGAAAGCCCCTAA-------------------------------------------------------------------------------ACT-------------NNNNNNNGCCTGAAGATTTTGCAACTTATTACTGTCAACAG	TGGTATCAGCAGAAACCAGGGAAAGCCCCTAAGCTCCTGATCTATGATGCCTCCAGTTTGGAAAGTGGGGTCCCATCAAGGTTCAGCGGCAGTGGATCTGGGACAGAATTCACTCTCACCATCAGCAGCCTGCAGCCTGATGATTTTGCAACTTATTACTGCCAACAG	159	-1
assemble65	48N48M143I34M83S14N		94S1N16M55S21N	GACAGAGTCACCATCACTTGTCGGGCGAGTCTGGGTATTGACAGCTGG-----------------------------------------------------------------------------------------------------------------------------------------------NNNNNNNTTTGCAACTTACTATTGTCAACAGGCTCACAGTTTCCCCTTCACTTTCGGCCCTG	GACAGAGTCACCATCACTTGTCGGGCGAGTCAGGGTATTAGCAGCTGGTTAGCCTGGTATCAGCAGAAACCAGGGAAAGCCCCTAAGCTCCTGATCTATGCTGCATCCAGTTTGCAAAGTGGGGTCCCATCAAGGTTCAGCGGCAGTGGATCTGGGACAGATTTCACTCTCACCATCAGCAGCCTGCAGCCTGAAGATTTTGCAACTTACTATTGTCAACAGGCTCACAGTTTCCCCTTCACTTTCGGCCCTG	213	245
assemble72			25S23M55S31N	CTTTGACAGCACAACTCTTCTTT	CTTTGACAGCACAACTCTTCTTT	-1	22
assemble73	267N32M71S2N			GTGGACACAGGCACCTATTACTGTGCACACAG	GTGGACACAGCCACATATTACTGTGCACACAG	21	-1
assemble74	93N48M105I42M13S6N			GGTCATTATCCCTACTGGGTCCAGCAGAAGCCTGGCCAAGCCCCCAGG---------------------------------------------------------------------------------------------------------NNNNNNNACGCTGAGTATTACTGCTTGCTCTCCTATAATGGT	GGTCATTATCCCTACTGGTTCCAGCAGAAGCCTGGCCAAGCCCCCAGGACACTGATTTATGATACAAGCAACAAACACTCCTGGACACCTGCCCGGTTCTCAGGCTCCCTCCTTGGGGGCAAAGCTGCCCTGACCCTTTCGGGTGCGCAGCCTGAGGATGAGGCTGAGTATTACTGCTTGCTCTCCTATAGTGGT	174	-1
assemble86	236N60M59S			CCAGACTGGGGACGAGGCCGATTATTACTGCGGAACATGGGATAGCAGCCTGAGTGCTGG	CCAGACTGGGGACGAGGCCGATTATTACTGCGGAACATGGGATAGCAGCCTGAGTGCTGG	28	-1
assemble89	211N44M4D37M22S4N			CCAGAGACAACTCCAAGAACACACTGTTTCTGCAAATGGATAGCCTGANNNNNNNCCGAGGACACGGCTGTGTATTACTGTGCGA	CCAGAGACAACTCCAAGAACACGCTGTATCTGCAAATGAACAGC----CTGAGAGCCGAGGACACGGCTGTGTATTACTGTGCGA	78	-1
assemble95	15S258N14M1D7M11S8N			TACTGTCAGCAGGATTAATAAC	TACTGTCAGCAGTA-TAATAAC	3	-1
assemble102	263N32M78S7N		36S3N19M55S16N	TGGGGTTTATTACTGCATGCAAACTCTACAAAGGGAGACGTTCGGCCAAGGGACC	TGGGGTTTATTACTGCATGCAAGCTCTACAAAGGGAGACGTTCGGCCAAGGGACC	13	42
assemble111	283N14M90S8N		22S3N27M55S8N	AGCAATATTATAGTGTTCCTCTGACGTTCGGCCAAGGGACCAAGGTGGA	AGCAATATTATAGTGTTCCTCTGACGTTCGGCCAAGGGACCAAGGTGGA	2	28
assemble115	2S99N42M36I4M75I19M36S24N			GATGTACACTGGTACCGGCACCTTCCACAAAGAGCCCCCAAA------------------------------------GTCC---------------------------------------------------------------------------NNNNNNNTTACTGCCAGTC	GATGTACACTGGTACCAGCAGCTTCCAGGAACAGCCCCCAAACTCCTCATCTATGGTAACAGCAATCGGCCCTCAGGGGTCCCTGACCGATTCTCTGGCTCCAAGTCTGGCACCTCAGCCTCCCTGGCCATCACTGGGCTCCAGGCTGAGGATGAGGCTGATTATTACTGCCAGTC	168	-1
assemble116	111N46M81I2M2I42M13S3N		90S13M25N	CAAAAACCAGGGAAAGGTCCTAAGCTCCTGATCTATGATGCCTCCA---------------------------------------------------------------------------------CT--NNNNNNNGCAACTTATTACTGTCAACAATTTAATAATTTCCCGCTCACTTTCGGC	CAGAAACCAGGGAAAGCTCCTAAGCTCCTGATCTATGATGCCTCCAGTTTGGAAAGTGGGGTCCCATCAAGGTTCAGCGGCAGTGGATCTGGGACAGATTTCACTCTCACCATCAGCAGCCTGCAGCCTGAAGATTTTGCAACTTATTACTGTCAACAGTTTAATAATTACCCGCTCACTTTCGGC	150	182
assemble117	152N48M55S90N		83S6N20M12N	CAACCGGCCCTCTGGGATCCCAGACCGATTATCTGGCTCCAGGTCAGGNNNNNNNACTGCCGGGACAACATTGGTAACCAGCCATTCGGCGGAGGGACCAAGC	CAACCGGCCCTCAGGGATCCCAGACCGATTCTCTGGCTCCAGCTCAGGNNNNNNNACTGCCGGGACAACATTGGTAACCAGCCATTCGGCGGAGGGACCAAGC	57	86
assemble126			5S4N43M55S6N	TGGTACTTCAATCTCTGGGGCCGTGGCACCGTGGTCACTGTCT	TGGTACTTCGATCTCTGGGGCCGTGGCACCCTGGTCACTGTCT	-1	17
assemble129			21S2N27M55S21N	ATGCTTTTGATATCTGGGGCCAAGGGA	ATGCTTTTGATATCTGGGGCCAAGGGA	-1	16
assemble133			13S3N35M55S10N	ACTTTGACTACTGGGGCCAGGGAACCCTGGTCACC	ACTTTGACTACTGGGGCCAGGGAACCCTGGTCACC	-1	13
assemble134	169N47M43I20M36S11N		74S2N29M7N	CTGGCATCCCAGACAGGTTCAGTGGCAGTGGGTCTGGGACAGACTTC-------------------------------------------ANNNNNNNCAGCAGCGTAGCCACTTGGTCACTTTCGGCGGAGGGACCAAGGTGGAG	CTGGCATCCCAGACAGGTTCAGTGGCAGTGGGTCTGGGACAGACTTCACTCTCACCATCAGCAGACTGGAGCCTGAAGATTTTGCAGTCTATTACTGTCAGCAGCGTAGCCACTTGGTCACTTTCGGCGGAGGGACCAAGGTGGAG	98	124
assemble135	290N15M88S		17S5N33M53S	TTATAGTACTCCTCCTGCGTTCGGCCAAGGGACCAAGGTGGAAATCAANN	TTATAGTACTCCTCCTGCGTTCGGCCAAGGGACCAAGGTGGAAATCAAAC	1	21
assemble139	268N34M69S3N		34S14M55S24N	CAGTTTATTACTGTCAGCAATCTTATAGTGCTCCGATCACCTTCGGCC	CAGTTTATTACTGTCAGCAATATTATAGTACTCCGATCACCTTCGGCC	11	43
assemble141	252N35M68S		35S3N13M55S22N	GTTTATTACTGTCAGCAGTATAAAAACTGGCCTCCCACTTTCGGCGGA	GTTTATTACTGTCAGCAGTATAATAACTGGCCTCCCACTTTCGGCGGA	9	41
assemble143			12S38M53S	GTGGACGTTCGGCCAAGGGACCAAGGTGGAAATCAANN	GTGGACGTTCGGCCAAGGGACCAAGGTGGAAATCAAAC	-1	9
assemble144			21S1N27M55S22N	GATGTTTTTGATATCTGGGGCCAAGGG	GATGCTTTTGATATCTGGGGCCAAGGG	-1	17
assemble146	275N20M83S7N		24S1N24M55S14N	CTGCATGCAAGCTACACAGTGGCCGTACACTTTTGGCCAGGGGACCAA	CTGCATGCAAGCTACACAGTGGCCGTACACTTTTGGCCAGGGGACCAA	1	33
assemble147			31S3N17M55S18N	GGTGTTCGGCGGAGGGA	GGTGTTCGGCGGAGGGA	-1	6
assemble150	146N48M54I40M15S6N		90S13M25N	GATTTATGATACAAGCAACAAACACTCCTGGACACCTGCCCGGTTCTC------------------------------------------------------NNNNNNNGCTGAGTATTACTGCTTGCTCTCCTATAATGGTCCTTGGGTGTTCGGC	GATTTATGATACAAGCAACAAACACTCCTGGACACCTGCCCGGTTCTCAGGCTCCCTCCTTGGGGGCAAAGCTGCCCTGACCCTTTCGGGTGCGCAGCCTGAGGATGAGGCTGAGTATTACTGCTTGCTCTCCTATAGTGGTCCTTGGGTGTTCGGC	121	153
assemble151	249N38M65S			GCAGTTTATTCCTGTCAGCAACGTAGTAACTGGCCTCC	GCAGTTTATTACTGTCAGCAGCGTAGCAACTGGCCTCC	12	-1
assemble153	66N48M125I39M16S12N			TGCAGGGCCAGTCAGACTATTAGCAGCAACAAGTTAGCCTGGTACCAG-----------------------------------------------------------------------------------------------------------------------------NNNNNNNGATTTTGCAGTGTATTACTGTCAGCAGTATGG	TGCGGGGCCAGTCAGAGTGTTAGCAGCAGCTACTTAGCCTGGTACCAGCAGAAACCTGGCCTGGCGCCCAGGCTCCTCATCTATGATGCATCCAGCAGGGCCACTGGCATCCCAGACAGGTTCAGTGGCAGTGGGTCTGGGACAGACTTCACTCTCACCATCAGCAGACTGGAGCCTGAAGATTTTGCAGTGTATTACTGTCAGCAGTATGG	198	-1
assemble158	99N48M98I45M10S			TTATTCTGGTACAAGCAACCACCAAGTGGAGAATTGGTTTTCCTTATT--------------------------------------------------------------------------------------------------NNNNNNNGTGGACTCAGCAGTATACTTCTGTGCTCTGAGTGAGGC	TTATTCTGGTACAAGCAACCACCAAGTGGAGAATTGGTTTTCCTTATTCGTCGGAACTCTTTTGATGAGCAAAATGAAATAAGTGGTCGGTATTCTTGGAACTTCCAGAAATCCACCAGTTCCTTCAACTTCACCATCACAGCCTCACAAGTCGTGGACTCAGCAGTATACTTCTGTGCTCTGAGTGAGGC	174	-1
assemble162	120N47M65I18M38S37N			GGGAAAGCCCCTAAGTCCCTCATCTATGATGCATCCAGTTTGCAAAG-----------------------------------------------------------------TNNNNNNNGAAGATTTTG	GGGAAAGCCCCTAAGTCCCTGATCTATGCTGCATCCAGTTTGCAAAGTGGGGTCCCATCAAGGTTCAGCGGCAGTGGATCTGGGACAGATTTCACTCTCACCATCAGCAGCCTGCAGCCTGAAGATTTTG	-1	-1
assemble163	28N48M179I29M34S6N	80S3N10M21S3N	90S13M8S36N	GGGATATCTGTCAACGTGGAACCTCCCTGACGATCCAGTGTCAAGTCG-----------------------------------------------------------------------------------------------------------------------------------------------------------------------------------NNNNNNNGCAGCATATATCTCTGCAGCGTCTTACTAGCGGGGAGCACAGATACGC	GGGATATCTGTCAACGTGGAACCTCCCTGACGATCCAGTGTCAAGTCGATAGCCAAGTCACCATGATGTTCTGGTACCGTCAGCAACCTGGACAGAGCCTGACACTGATCGCAACTGCAAATCAGGGCTCTGAGGCCACATATGAGAGTGGATTTGTCATTGACAAGTTTCCCATCAGCCGCCCAAACCTAACATTCTCAACTCTGACTGTGAGCAACATGAGCCCTGAAGACAGCAGCATATATCTCTGCAGCGTCTTACTAGCGGGGAGCACAGATACGC	248	-1
assemble170	263N31M72S2N			CGACGACACGGCTGTTTATCACTGTGCGAAA	CGAGGACACGGCTGTGTATTACTGTGCGAAA	22	-1
assemble173	44N47M170I33M23S			GGAGTCTCTGAGGATCTCCTGTAAGACTTCTGGATACAGCTTTACCA--------------------------------------------------------------------------------------------------------------------------------------------------------------------------GNNNNNNNCGCCGCCATGTATTATTGTGTGAGA	GGAGTCTCTGAGGATCTCCTGTAAGACTTCTGGATACAGCTTTACCAGCTACTGGATCCACTGGGTGCGCCAGATGCCCGGGAAAGAACTGGAGTGGATGGGGAGCATCTATCCTGGGAACTCTGATACCAGATACAGCCCATCCTTCCAAGGCCACGTCACCATCTCAGCCGACAGCTCCAGCAGCACCGCCTACCTGCAGTGGAGCAGCCTGAAGGCCTCGGACGCCGCCATGTATTATTGTGTGAGA	241	-1
assemble178	266N21M82S	27S1N8M68S7N	29S5N19M55S23N	CTTCTGTGCCAGCAGTTACTCCGGTACGGACGAGCAGTACTTCGGGCC	CTTCTGTGCCAGCAGTTACTCCGGTACGGACGAGCAGTACTTCGGGCC	4	42
assemble179			23S10N25M55S27N	CTACTACGGGATGGACGTCTGGGGC	CTACTACGGTATGGACGTCTGGGGC	-1	21
assemble184	13S254N41M11S2N		54S2N11M25N	GGCTGATTATTACTGCGGCTCATATACAAGCAGCAGCACTCGGGTGTTCGGC	GGCTGATTATTACTGCAGCTCATATACAAGCAGCAGCACTCGGGTGTTCGGC	13	48
assemble191			15S6N33M	CTTTTGGCCAGGGGACCAAGCTGGAGATCAAGC	CTTTTGGCCAGGGGACCAAGCTGGAGATCAAAC	-1	4
assemble196	3S264N26M72S6N			GACGACACGGCCGTCTATTACTGTGC	GACGACACGGCCGTGTATTACTGTGC	21	-1
assemble208	255N29M65S13N			GCTGATTATTACTGCAGCTCATATACAAG	GCTGATTATTACTGCAGCTCATATACAAG	12	-1
assemble221	260N33M15S3N			AGCCGAGGACACGGCCCTATATTACTGTGCGAA	AGCCGAGGACACGGCCGTATATTACTGTGCGAA	25	-1
assemble252			11S8N37M3N	GACTACTGGGGCCAGGGAACCCTGGTCACCGTCTCCT	GACTACTGGGGCCAGGGAACCCTGGTCACCGTCTCCT	-1	8
assemble259	236N38M10S13N			GTCTGAAGATTTTGCAGTTTATTACTGTCAGCAGTATA	GTCTGAAGATTTTGCAGTTTATTACTGTCAGCAGTATA	25	-1
assemble262			19S7N29M2N	TTCGGCGGAGGGACCAAACTGACCGTCTT	TTCGGCGGAGGGACCAAGCTGACCGTCCT	-1	2
assemble263			18S30M8N	TTGGGTGTTCGGCGGAGGGACCAAGCTGAC	TTGGGTGTTCGGCGGAGGGACCAAGCTGAC	-1	9
assemble266			18S1N29M1S20N	GATGCTTTTGATATCTGGGGCCAAGGGAC	GATGCTTTTGATATCTGGGGCCAAGGGAC	-1	17
assemble275			23S3N25M10N	GACGTTCGGCCAAGGGACCAAGGTG	GACGTTCGGCCAAGGGACCAAGGTG	-1	6
assemble277			10S37M1S12N	AGCACAGATACGCAGTATTTTGGCCCAGGCACCCGGC	AGCACAGATACGCAGTATTTTGGCCCAGGCACCCGGC	-1	20
assemble282	250N27M21S			CGGCCATCTACCTCTGTGCTGTGGAGG	CGGCCATCTACCTCTGTGCTGTGGAGG	14	-1
assemble284	239N41M7S16N			GACTGGGGACGAGGCCGACTATTTCTGCGCAGCATGGGATA	GACTGGGGACGAGGCCGATTATTACTGCGGAACATGGGATA	25	-1
assemble287			15S3N33M2N	CACTTTCGGCGGAGGGACCAAGGTGGAGGTCAG	CACTTTCGGCGGAGGGACCAAGGTGGAGATCAA	-1	6
assemble300	267N19M10S			CTTTGCGCCAGCAGCTTGG	CTTTGCGCCAGCAGCTTGG	3	-1
